customer_id,customer_name,email,gender,reg_date
1,Jennifer Madden,zbird@example.com,F,2021-10-07
2,Elizabeth Martinez,kimbrittany@example.net,F,2020-02-09
3,Kayla Mayo,tcook@example.org,M,2020-06-24
4,Christopher Oliver,sherry11@example.net,M,2020-01-17
5,Ruth Mendoza,kempadam@example.net,M,2021-10-22
6,Joseph Rhodes,kingkristin@example.net,M,2023-04-10
7,Laura Ruiz DVM,melissareese@example.net,F,2022-10-19
8,Elizabeth Ortega,alvaradomelissa@example.net,F,2022-04-11
9,Andre Ramirez,robin41@example.org,M,2023-02-03
10,Dennis Smith,etran@example.com,F,2020-03-31
11,Emily Vaughn MD,frederick01@example.com,F,2021-12-23
12,Matthew Cantu,rwells@example.com,M,2021-04-28
13,Hannah Banks,doris54@example.org,F,2024-05-24
14,Olivia Navarro,jessica30@example.com,F,2024-04-24
15,Lisa Bradley,brownchris@example.com,F,2024-03-21
16,Jason Jones,renee69@example.com,F,2023-04-03
17,Amy Gomez,brownjasmine@example.org,M,2025-07-15
18,Kristopher Cochran,joneskaren@example.net,M,2022-04-07
19,Angela Carter,cjones@example.org,F,2022-09-10
20,Michele Murray,justin42@example.org,M,2024-10-25
21,Amanda Caldwell,riveradominique@example.net,M,2023-06-25
22,Ryan Jenkins,oross@example.org,F,2023-07-07
23,Barbara Caldwell,shawnhernandez@example.net,M,2024-05-01
24,Patricia Glass,tcoleman@example.com,F,2023-05-13
25,Tammy Perez,qmartin@example.org,M,2024-10-30
26,Kelly Hernandez,garciaalexandra@example.com,M,2024-01-14
27,Darin Henderson,mccalljulie@example.com,F,2025-04-22
28,Tracy Rodriguez,lauragonzalez@example.org,F,2023-10-26
29,Kelly Moreno,riggssarah@example.com,F,2023-06-01
30,Holly Nielsen,laurasmith@example.net,F,2024-07-26
31,Duane Lyons,perezsteven@example.com,M,2023-05-26
32,Brenda Smith,jeffreyhuff@example.org,F,2022-01-23
33,Sara Sosa,vmunoz@example.net,F,2022-08-28
34,Ashley Adams,judith55@example.net,F,2021-06-22
35,Robin Murray,jlane@example.com,F,2021-09-23
36,Sandra Robertson,timothygreen@example.com,F,2023-03-25
37,Kimberly Mitchell,mannjessica@example.net,F,2020-11-28
38,Melinda Webb,kenneth94@example.net,F,2020-04-17
39,Scott Patterson,kurtfitzgerald@example.net,F,2023-03-04
40,Aaron White,jamesschmidt@example.net,M,2024-02-06
41,Carlos Gibbs,thomas01@example.net,F,2024-04-13
42,Sherri Carter,joshua57@example.net,F,2023-09-02
43,Erica Gonzalez,madelinegonzales@example.com,M,2024-02-15
44,Alisha Farrell,jacobsjulie@example.net,F,2021-11-18
45,George Hill,bwallace@example.org,M,2025-01-27
46,Anna Moore,jenniferbaker@example.net,F,2021-07-24
47,Henry Moore,adamslynn@example.net,F,2025-03-13
48,Shannon Hall,lwilliams@example.net,F,2021-11-07
49,Jillian Potts,kathleen72@example.org,F,2021-12-24
50,Sheila Lewis,michellemelton@example.org,M,2022-05-16
51,Phillip Joyce,mlopez@example.net,F,2022-08-07
52,Maria Nelson,amber49@example.com,M,2022-08-01
53,Michael Campbell,brosario@example.com,M,2025-02-12
54,Ashley Robinson,rebecca81@example.net,M,2024-10-12
55,Russell Chung,robertmitchell@example.com,M,2022-07-09
56,Brandon Wilson,austinhuffman@example.com,F,2021-06-10
57,Walter Woods,qevans@example.net,F,2022-09-05
58,Seth Smith,wrightmichael@example.net,F,2023-01-31
59,Jennifer Brown,chambersstephen@example.org,M,2024-04-09
60,Mrs. Yvonne Cohen DDS,westshannon@example.com,M,2024-03-14
61,Philip Coleman,mbrown@example.com,F,2025-05-19
62,Michael Scott,michellehoward@example.org,M,2023-11-03
63,Daniel Morris,mgoodman@example.net,F,2020-06-25
64,Jason Williams,sfisher@example.net,F,2024-07-07
65,Donald Cox,hernandezpatrick@example.net,F,2024-05-01
66,Nicholas Montoya,qevans@example.net,M,2023-10-30
67,Richard Warner,fwilson@example.net,M,2022-06-30
68,Shelia Walker,gabriella54@example.com,F,2024-04-13
69,Toni Reyes,phawkins@example.org,F,2020-07-08
70,Stacey Long,walshlisa@example.org,F,2020-10-08
71,Kimberly Smith,jessicacampbell@example.com,F,2022-08-15
72,Miss Amanda Wilson DDS,joel03@example.net,M,2022-11-21
73,Bradley Booth,danielmiller@example.com,M,2022-05-14
74,Amanda Copeland DDS,johnny11@example.org,F,2024-01-26
75,Glenn Stephenson,waltonjessica@example.net,M,2022-04-24
76,Nicole Petty,esmith@example.com,M,2024-11-17
77,Michelle Ramsey,jasmineparker@example.net,M,2023-05-15
78,Amy Edwards,nicholasmiranda@example.net,F,2020-05-18
79,Amanda Terry,hallkenneth@example.net,M,2024-02-28
80,Robert Owens,xsaunders@example.com,M,2021-03-11
81,Samantha Austin,hgonzales@example.org,M,2020-11-18
82,Nicholas Smith,omcguire@example.org,F,2020-08-13
83,Joseph Jones,jessicabennett@example.net,F,2021-09-03
84,Cory Hunt,heather55@example.net,M,2023-05-04
85,Daniel Walters,ajohnston@example.com,M,2020-09-05
86,Jesus Aguilar,smithkimberly@example.net,M,2023-09-16
87,Robin Foster,rosedebra@example.com,M,2023-08-30
88,Pamela Gordon,joanna02@example.org,F,2023-07-19
89,Dr. Jeremy Carter MD,ejames@example.net,M,2020-01-12
90,Patrick Arnold,rodriguezjared@example.com,M,2022-08-09
91,Francis Costa,smithvalerie@example.com,M,2021-05-08
92,Anthony Underwood,jose88@example.com,F,2023-07-24
93,Timothy Becker,ibaker@example.com,F,2024-02-11
94,Alan Sanchez,alexanderlutz@example.com,M,2021-07-23
95,Christine Williams,wkeller@example.com,M,2023-03-11
96,Eric Hill,lisacantrell@example.net,F,2024-07-12
97,David Martin,christymccoy@example.net,F,2020-07-28
98,Samantha Larson,wongjennifer@example.com,M,2020-12-17
99,Wesley Porter,jacksonderek@example.net,M,2023-08-05
100,Briana Lynch,tbailey@example.org,F,2023-07-29
101,Michael Sims,beverlyhill@example.org,F,2021-10-09
102,Michael Sanders,stewartjeff@example.net,M,2021-08-05
103,Taylor Smith,angelicagibson@example.org,M,2023-07-30
104,Katherine Rojas,wthompson@example.net,M,2023-08-23
105,Jessica Stewart,robertsonandrew@example.org,F,2021-05-17
106,Kevin Padilla,emily21@example.org,M,2023-07-21
107,Jason Franklin,uwhite@example.net,M,2023-08-16
108,Dr. Michael Burns,williamsjulie@example.net,F,2021-05-24
109,Mallory Haley,tburns@example.com,F,2021-07-22
110,Megan Reid,casey05@example.com,M,2021-03-06
111,Patrick Williamson,morganjoseph@example.com,M,2024-12-12
112,Brooke Harper,randolphgloria@example.org,M,2020-08-15
113,Danielle Rodriguez,serranodustin@example.com,F,2020-06-21
114,Tyler Knight,webbjorge@example.net,M,2020-05-14
115,Christopher Bell,graykevin@example.org,F,2023-03-22
116,Gail Jones,larrystevens@example.org,F,2023-06-29
117,Brittany Perkins,mark41@example.net,F,2020-08-17
118,John May,torressarah@example.net,M,2021-11-28
119,Zachary Hernandez,icollins@example.net,M,2022-08-07
120,Christopher Gonzalez,yfrost@example.org,M,2021-07-09
121,Mark Wright,gbell@example.com,M,2025-06-24
122,Heather Tanner,mitchell69@example.org,M,2022-07-24
123,Christopher Hartman,michael94@example.com,M,2022-12-05
124,Angelica Mann,kathleen10@example.com,M,2021-11-08
125,Christopher Mccoy,gabriel49@example.com,M,2022-09-25
126,Lisa Riley,pottermichelle@example.net,M,2020-02-29
127,Jimmy Morgan,laurie43@example.net,F,2021-02-02
128,Linda Zimmerman,friedmanmonica@example.net,F,2025-05-13
129,David Jimenez,melissa72@example.net,F,2024-05-30
130,Elizabeth Taylor,justincarr@example.net,M,2021-10-22
131,Bailey Howard,desireemartinez@example.com,M,2024-09-23
132,Duane Newman,aball@example.org,F,2024-09-07
133,Eric Romero,jasonmoore@example.net,M,2025-06-20
134,David Johnson,scotterica@example.net,F,2023-10-05
135,Douglas Mack,dskinner@example.net,F,2020-12-24
136,Steven Burns,baxtersandra@example.net,M,2023-06-20
137,Cody Valentine,zsmith@example.org,M,2020-05-15
138,Maria Ramirez,umorris@example.net,F,2023-05-15
139,Julie Jackson,anolan@example.com,M,2021-02-15
140,Jerry David,darren83@example.net,F,2021-01-02
141,Christina Serrano,vrojas@example.org,M,2024-09-17
142,Gary Ortega,hmcdonald@example.org,F,2021-04-16
143,Albert Payne,emilycombs@example.com,M,2023-12-04
144,Sarah Russell,glewis@example.com,F,2021-10-19
145,James Jones,tgregory@example.net,F,2025-07-20
146,Jessica Sanchez,ginajordan@example.net,M,2020-10-24
147,Danielle Martinez,holly87@example.org,F,2022-07-13
148,Jessica House,cowanandrew@example.org,M,2020-02-07
149,Amber Andrews,pittmandeborah@example.com,M,2023-04-23
150,Jeremy West,mhampton@example.net,F,2021-03-13
151,Mary Russell,andersonjesus@example.org,F,2021-09-25
152,Jack Wheeler,denise73@example.net,F,2025-01-29
153,Mason Hines,bmorgan@example.net,F,2024-05-15
154,Chelsey Townsend,dkeller@example.net,M,2025-06-30
155,Ricardo Harris,rhouse@example.net,F,2025-05-20
156,Emily Smith,alan19@example.com,M,2024-05-17
157,Brittney Nelson,kelleywilliam@example.net,F,2021-06-30
158,Jacqueline Harris,santosnicole@example.org,F,2022-04-02
159,Lauren Wood MD,nicole48@example.org,M,2023-01-25
160,Heather Allen,heatherlee@example.net,M,2021-10-15
161,Kevin Valenzuela,jason47@example.org,M,2021-09-03
162,Teresa Fisher,nicholas86@example.com,M,2021-03-21
163,Michelle Jones,williamskristen@example.org,F,2022-09-10
164,Patricia Quinn,tmcguire@example.org,F,2022-01-29
165,Linda Brown,tonyalloyd@example.org,M,2022-06-23
166,Pamela Mcgrath,michael10@example.org,M,2022-11-13
167,Dana Gallegos,smithtammy@example.com,F,2021-04-20
168,James Erickson,christopherstone@example.net,M,2021-01-21
169,Wendy Smith,misty82@example.org,F,2022-12-05
170,Laura Elliott,jon70@example.net,M,2024-12-05
171,Gary Green,jamesgray@example.net,M,2021-10-21
172,Duane Shaw,ypadilla@example.org,F,2022-01-28
173,Jessica Frazier,kathleenwalker@example.net,F,2022-03-10
174,Gary Reid,mariaparker@example.net,M,2024-04-13
175,Nicholas Bradley,stephanie38@example.org,M,2021-02-03
176,Ryan Henry,sbaker@example.org,F,2021-12-18
177,Donna Burke,jamiesimpson@example.net,M,2022-09-07
178,Joe Anderson,anthonycochran@example.com,M,2025-02-12
179,Mary Zavala,fergusongilbert@example.com,M,2024-01-14
180,Rachel Mitchell,catherineparker@example.com,M,2021-01-31
181,Jorge Nguyen,loricarter@example.com,M,2023-04-10
182,Jerry Christian,kathleensanchez@example.net,F,2020-12-17
183,Troy Friedman,barrrebecca@example.net,M,2024-01-06
184,Melissa Joyce,katherine25@example.org,M,2023-03-05
185,Nathaniel Barron,david28@example.com,M,2020-01-17
186,Gerald Lane DVM,ydavis@example.net,F,2022-08-15
187,Jeffrey Wall,nelsontyler@example.net,M,2021-06-03
188,Zachary Cervantes,lambangela@example.net,F,2022-10-08
189,Jamie Jackson,stephenjohnson@example.net,M,2021-06-10
190,Kristi Larsen,lisanewton@example.net,M,2024-02-24
191,Austin Meyer,jason61@example.com,M,2023-10-27
192,Jose Andrews,terri68@example.net,M,2021-10-07
193,David Hanson,fergusonharry@example.net,M,2021-06-20
194,Tami Kent,ejackson@example.org,M,2025-02-05
195,Jason Lowery,jamesthomas@example.org,F,2022-09-04
196,Autumn Joseph,kylejohns@example.com,M,2024-02-15
197,David Perez,qmercado@example.com,F,2024-01-07
198,Lisa Palmer,nvargas@example.org,M,2025-01-30
199,Blake Cooper,kaiserelizabeth@example.org,M,2022-06-30
200,James Sandoval,brian54@example.org,M,2022-04-15
201,Aaron Franklin,vstokes@example.org,M,2020-12-19
202,Anthony Rangel,nataliewiggins@example.net,F,2022-10-09
203,Kevin Phelps,crodriguez@example.net,M,2023-06-10
204,Brittany Perez DDS,carolyn42@example.com,M,2021-02-16
205,Michelle Sherman,jmitchell@example.org,F,2023-03-16
206,Chad Delgado,andersonkaren@example.net,F,2022-07-27
207,William Gordon,ehansen@example.org,F,2024-08-12
208,Sandra Rhodes,sanchezjacob@example.com,F,2022-03-30
209,Amanda Allen,cmartin@example.org,F,2022-08-25
210,Laura Keller PhD,anna28@example.com,M,2024-06-14
211,Jonathan Richards,hernandezjohn@example.com,F,2023-01-15
212,Miss Melissa Phillips MD,karlhunt@example.com,M,2020-11-15
213,Elizabeth Davis,gdean@example.net,F,2023-04-10
214,Jeremy Collins,dylan65@example.com,F,2023-12-14
215,Dylan Walker,ronnie79@example.net,M,2025-01-23
216,Cindy Salazar,pughmark@example.net,M,2023-06-16
217,Shane Davis,alexis98@example.com,M,2022-01-29
218,Scott Miller,travis24@example.org,F,2025-03-13
219,Stacie Jordan,williamskaitlyn@example.org,F,2023-06-13
220,Matthew Fuller,aprilbarnes@example.org,M,2020-03-06
221,Eric Lester,tammiemiller@example.org,F,2022-06-20
222,Ethan Simmons,jason94@example.net,M,2021-12-19
223,Sophia Bryant,hayesdaniel@example.net,M,2021-02-19
224,Joseph Mcdaniel,amymercado@example.net,M,2025-06-17
225,Donna Vargas,bsmith@example.net,M,2025-03-11
226,Ryan Walker,hwilliams@example.net,M,2024-07-25
227,Mathew Jones,agomez@example.com,F,2020-11-30
228,Marissa Guerra,sharon87@example.net,F,2022-10-29
229,Mr. Anthony Davis MD,qtran@example.org,M,2021-01-23
230,Todd Collins,jessicasnyder@example.org,F,2024-03-23
231,Stephanie Erickson,brittany65@example.net,M,2023-09-09
232,Danny Hall,carrilloallen@example.net,F,2021-06-22
233,Nina Rivera,seanstone@example.com,F,2024-06-22
234,Samantha Melendez,mathewsallison@example.net,M,2020-12-05
235,Melissa Bradshaw,malik48@example.net,M,2021-04-01
236,Ryan Obrien,owilson@example.org,F,2022-11-30
237,Jason Anderson,john21@example.org,F,2024-12-11
238,Vincent Young,robert86@example.com,M,2024-07-05
239,Gregory Duncan,jessica36@example.com,M,2025-03-25
240,Gregory Scott,andrewcabrera@example.org,F,2021-02-04
241,Regina Sanders,wrightkaren@example.net,F,2021-03-15
242,Herbert Davidson,anthony83@example.org,M,2022-11-11
243,Roger Jackson,kwilson@example.net,M,2021-05-31
244,Shannon Diaz,theresa01@example.com,M,2020-10-14
245,Julie Fuller,anthony16@example.org,M,2022-05-18
246,Alexander Shepherd,ojensen@example.com,M,2023-12-30
247,Michael Hunter,vnguyen@example.org,M,2023-04-29
248,Timothy Allen,vickivalencia@example.org,F,2025-03-24
249,Michael Zamora,stevensonpeggy@example.org,F,2024-12-11
250,Carly Carter,johnny48@example.org,F,2022-10-17
251,Anthony Hammond,juan19@example.net,F,2024-12-20
252,Holly Fisher,martincatherine@example.com,M,2021-04-17
253,Mark Silva,vmays@example.org,F,2024-09-17
254,Justin Pierce,reedjames@example.org,F,2024-05-14
255,Stacey Perez,portermaria@example.com,M,2024-11-26
256,Troy Stevens,baileykatherine@example.org,M,2024-01-18
257,Paige Allen,qfranco@example.net,F,2022-07-01
258,Charles Knight,robertatkins@example.net,M,2025-07-14
259,Henry Mccarty,kristenjohnson@example.net,M,2021-01-21
260,Johnathan Marshall,xjones@example.net,F,2024-11-07
261,Michelle Thompson,tracy50@example.net,M,2020-08-08
262,Anne Martin,anna54@example.net,M,2020-06-02
263,Mark Martin,morenoelizabeth@example.com,F,2021-11-06
264,Cassie Gallagher,yperez@example.com,F,2022-08-19
265,Harold Powell,rodriguezerica@example.net,F,2021-03-28
266,Elizabeth Allen,lharris@example.net,F,2021-04-28
267,Whitney Ritter,william33@example.org,F,2023-04-01
268,David Lynch,elizabethrios@example.com,M,2021-12-20
269,Jonathan Sanchez,tyler81@example.net,M,2021-08-24
270,Larry Garcia,johncastro@example.com,F,2024-08-14
271,Melanie Nelson,mrodriguez@example.org,M,2025-02-10
272,Joyce Lopez,kwalker@example.com,F,2023-03-25
273,Christopher Henry,jesserasmussen@example.net,F,2023-07-03
274,Michael Bass,shannonturner@example.net,F,2024-12-08
275,Evan Massey,jesusmueller@example.org,M,2021-03-22
276,John Carter,victoria82@example.com,F,2021-11-07
277,Antonio Anderson,dustinjones@example.org,M,2024-08-15
278,Victor Johnson,leonardchristopher@example.org,M,2020-08-29
279,Cory Simmons,castanedajulie@example.com,M,2023-07-08
280,Katherine Montoya,fpalmer@example.net,F,2022-06-07
281,Linda Scott,wsalazar@example.net,M,2021-06-21
282,Michael Shea,kennethwyatt@example.org,M,2021-09-12
283,Samantha Stewart,mayopatricia@example.org,M,2022-01-21
284,William Schmidt,vhoward@example.com,M,2022-12-09
285,Lisa Perez,laurenpearson@example.org,F,2021-03-16
286,Cameron Reed,robert15@example.net,F,2023-07-22
287,Caitlin Waters,elizabeth66@example.com,F,2023-08-05
288,Daniel Berg,crawfordchristian@example.com,M,2024-07-29
289,Mary Zavala,catherinewilson@example.com,M,2021-08-15
290,Robert Shepard,juliejames@example.org,M,2021-12-29
291,Sean Jones,richardsemily@example.org,F,2022-02-20
292,Alexander Townsend,elizabethgrant@example.com,M,2022-08-22
293,Matthew Booth,rhall@example.net,M,2023-05-29
294,Adrian Mcgee,juan74@example.com,M,2022-08-28
295,Lynn Wells,jenniferlewis@example.com,F,2025-03-01
296,Carolyn Bentley,iburns@example.org,M,2022-04-29
297,Colleen Miller,jacquelinemurray@example.com,M,2020-05-14
298,Jeremy Briggs,lramirez@example.org,M,2022-07-26
299,Sue Brown,johnsonkenneth@example.com,F,2020-01-10
300,Sophia Bush,ofranklin@example.com,M,2022-09-17
301,Todd Hayes,daniel52@example.org,F,2020-04-02
302,Brittney Daniel,jeremiahlee@example.org,M,2021-12-22
303,Mr. Robert Mitchell,steven45@example.org,F,2025-07-16
304,Jacob Martinez,owhite@example.com,F,2024-05-31
305,Sarah Crane,garciaderrick@example.net,M,2023-11-04
306,Michael Fitzgerald MD,sarahmccarthy@example.org,F,2022-05-31
307,John Huynh,elizabeth54@example.org,M,2022-09-28
308,Deborah Garcia,wanderson@example.com,M,2024-07-22
309,Joseph Castillo,bryanrivers@example.net,M,2023-04-22
310,Nicole Werner,wellsrichard@example.net,M,2020-09-17
311,Tiffany Griffin,arobinson@example.com,F,2023-08-10
312,Jessica Garcia,etanner@example.org,F,2024-12-18
313,James Sweeney,dannymason@example.com,M,2023-10-27
314,Susan Roberts,crystalclark@example.net,M,2020-02-17
315,Julie Rodriguez,tscott@example.org,F,2024-12-05
316,Alexis Kline,brownbriana@example.net,M,2023-12-09
317,Robert Garcia,powens@example.com,M,2022-03-05
318,Elizabeth Franklin,wongstephen@example.net,F,2020-02-28
319,Hannah Stokes,daniel50@example.org,M,2024-04-24
320,Stacie Allen,carol12@example.com,M,2025-05-19
321,Austin Wilson,gregorylawrence@example.org,F,2021-12-19
322,Daniel Graves,smithmark@example.com,M,2024-09-08
323,Caroline Diaz,erin52@example.org,M,2024-10-28
324,Meghan Gomez,hrush@example.com,M,2022-12-29
325,Dr. Chase Evans,jsims@example.org,M,2023-01-25
326,Jacob Haynes,jgarrett@example.org,M,2020-03-09
327,Roger Bradley,iharris@example.net,F,2020-11-24
328,Kara Wright,jenniferrich@example.org,F,2022-10-23
329,Christine May,cortezeric@example.org,M,2020-08-25
330,John Wheeler,daleboyd@example.net,F,2024-10-01
331,Beth Burgess,sylviagomez@example.net,F,2023-07-04
332,Michael Garcia,james46@example.com,F,2024-11-02
333,Robert Hess,berrykimberly@example.com,F,2020-12-11
334,Anthony Villarreal,richard57@example.net,F,2021-09-04
335,Patricia Boone,jsnyder@example.net,M,2020-03-05
336,Elizabeth Hawkins,mirandazimmerman@example.org,M,2025-04-08
337,Bridget Ray,vmiller@example.net,F,2020-06-03
338,Mr. Ronald Fuller DDS,codywillis@example.net,F,2024-04-21
339,Lori Cox,fordjessica@example.org,F,2023-05-02
340,Blake Smith,dwilson@example.com,M,2024-08-16
341,Jeffrey Morgan DVM,kmunoz@example.org,M,2024-07-24
342,Daniel Morrison,julian67@example.net,F,2022-05-08
343,Pamela Cooley,tonyhall@example.net,F,2020-09-04
344,Tabitha Richardson,garyhayes@example.net,F,2024-04-11
345,Tracy Johnson,guerrerobryan@example.com,F,2024-03-12
346,Mark Brooks,robin47@example.com,M,2024-12-25
347,Vanessa Maynard,robertbrown@example.com,F,2023-11-07
348,Todd Petty,melissa07@example.org,M,2022-08-04
349,Katherine Davis,melissa42@example.com,F,2024-08-28
350,Joshua Wallace,arnoldrobert@example.org,F,2023-09-16
351,Mark Zimmerman,paul82@example.com,F,2023-04-04
352,Larry Case,laurenbaker@example.org,F,2024-12-14
353,Christine Reyes,rebekahrodriguez@example.net,M,2022-08-13
354,John Willis,james23@example.com,F,2024-03-14
355,Antonio Morgan,ronnie33@example.org,F,2020-03-18
356,Eric Bryant,hcarter@example.com,M,2022-01-11
357,Bradley Perez,piercerandall@example.com,M,2023-01-05
358,Gabriela Adams,jenkinsdevin@example.com,F,2023-04-22
359,Miguel Wagner,jvelazquez@example.com,M,2021-09-21
360,Ryan Smith,brandoncrawford@example.org,M,2021-11-22
361,Erin Mathis,carolynmcdonald@example.net,M,2023-04-15
362,Kirk Little,adean@example.org,F,2023-10-18
363,Crystal Walker,vegalisa@example.net,M,2020-11-30
364,Elizabeth Rodriguez,harrisamy@example.com,F,2020-11-29
365,Stephen Smith,adrian81@example.com,M,2023-05-21
366,Bradley Sanders,miastafford@example.com,M,2025-02-04
367,Wendy Garcia,williamjohnson@example.net,M,2021-04-23
368,Deborah Wright,matthew73@example.com,F,2023-10-18
369,Jennifer Lewis,lsanchez@example.com,F,2025-02-07
370,Kelly Wilson,nchen@example.net,F,2022-08-08
371,Dakota Jackson,jacksonamy@example.org,M,2023-04-30
372,Michele Williams,benjaminhoward@example.net,M,2023-06-03
373,Emily Chandler,simmonsbrianna@example.net,F,2021-11-15
374,Alexandra Russo,teresa04@example.net,F,2021-04-16
375,Elizabeth Garcia,michael19@example.net,F,2021-04-29
376,Gary Martinez,bondjennifer@example.com,M,2022-04-14
377,Christy Peck,mcdanieldavid@example.net,F,2023-06-25
378,Gregory Gonzalez,rubiomonica@example.com,F,2024-12-14
379,Kenneth Craig,hkeller@example.org,M,2025-06-12
380,Patrick Mcbride,andrearobinson@example.org,M,2023-05-08
381,Christian Johnson,jillianmoon@example.net,M,2024-05-04
382,Scott Lee,lynnwhite@example.org,F,2022-06-12
383,Wendy Smith,qware@example.org,M,2023-06-25
384,Lisa Davis,wcooper@example.org,M,2023-11-06
385,Jeffrey George,thomasgary@example.net,M,2023-01-12
386,Christopher Jones,pattersonkatie@example.com,M,2024-09-13
387,Holly Kennedy,pthomas@example.net,M,2021-04-28
388,Christopher Buck,stephanie48@example.net,M,2024-04-30
389,Mr. Austin Paul,xvasquez@example.net,F,2024-08-07
390,Shannon Howe,tina12@example.org,M,2020-01-13
391,Donna Oliver,melissa28@example.net,M,2022-02-22
392,Sarah Clark,iking@example.net,M,2020-06-06
393,Veronica Baker,bevans@example.com,F,2023-10-28
394,Melissa Fernandez,brandonbrooks@example.net,F,2024-11-08
395,Erin Black,thompsonaaron@example.net,M,2025-04-16
396,Timothy Brown,kristendominguez@example.com,M,2020-03-01
397,Veronica Farmer,joseph87@example.net,F,2020-04-14
398,Raymond Ward,cody19@example.net,F,2025-03-14
399,Dana Cunningham,allenhunter@example.net,M,2021-07-28
400,Erin Williams,caseykarl@example.net,F,2024-03-23
401,Jennifer Stokes,nbates@example.org,F,2025-03-07
402,Neil Lewis,kimberly51@example.com,F,2021-02-13
403,Randy Sandoval,ltaylor@example.com,F,2025-02-23
404,Rachel Michael MD,james05@example.net,F,2025-01-18
405,Dawn Foster,karenlambert@example.org,F,2021-07-22
406,Cory Hall Jr.,nruiz@example.org,F,2024-11-17
407,Alyssa Lambert,davidsonjenna@example.org,M,2022-05-10
408,Victoria Coleman,ygarcia@example.com,M,2022-03-10
409,Monique Long,foxhaley@example.org,F,2021-01-14
410,Jennifer Williams,matthew70@example.org,F,2025-02-11
411,Brooke Sawyer,jared01@example.org,F,2024-12-20
412,Amy Smith,qnovak@example.org,F,2024-12-18
413,Brianna Malone,sara93@example.com,F,2024-02-14
414,Allison Wagner,karenramirez@example.net,F,2022-09-14
415,Matthew David,virginiawalker@example.net,F,2024-08-05
416,Ana Cardenas,sjohnson@example.com,F,2022-01-12
417,Kayla Johnson,petersonwilliam@example.com,F,2021-09-05
418,Joel Morales,anitaryan@example.org,M,2024-04-11
419,Deborah Mcknight,shannonbeasley@example.com,M,2020-10-23
420,Beth Roberts,rgreen@example.net,M,2023-05-26
421,Christopher Ray,delacruzjeremy@example.org,M,2025-04-26
422,Jessica Sweeney,tiffany96@example.org,F,2021-08-08
423,David Watts,imendez@example.com,M,2023-02-06
424,Jeffrey Ward,bgarcia@example.org,F,2020-02-01
425,Rachel Rowland,pughshawn@example.com,F,2020-01-06
426,Matthew Ford,robinsonkelly@example.org,F,2020-09-30
427,David Cox,xbrown@example.org,M,2022-06-09
428,Shelia Lee,daviesmelissa@example.com,F,2020-12-16
429,Glenn Kirby,darrencarter@example.org,F,2022-04-02
430,David Cannon,nthompson@example.org,F,2020-10-03
431,Michael Brown,michelle51@example.org,F,2020-03-20
432,Karen Peck,fanderson@example.net,F,2020-04-01
433,Diane Martin,gwhite@example.com,F,2025-02-14
434,Deanna Jackson,deanna62@example.net,F,2023-06-27
435,Troy Lucero,sherriporter@example.com,M,2020-04-16
436,Katherine Webb,elizabeth79@example.net,M,2024-12-12
437,Misty Harris,brittany26@example.com,M,2022-03-11
438,Jessica Elliott,walter48@example.com,M,2020-08-31
439,Joseph Franklin,tclark@example.org,F,2021-12-28
440,Angie Kelley,hartlatasha@example.org,M,2020-02-08
441,Tammy Morrison,estradamichael@example.org,F,2020-12-04
442,Morgan Smith,ztran@example.com,M,2021-01-31
443,Susan Newman,mdeleon@example.com,M,2022-12-28
444,Michael Schwartz,xcompton@example.org,F,2021-10-15
445,Karen Castillo,jennifer83@example.net,F,2024-12-20
446,Barbara Gregory,ramseyjenna@example.org,M,2020-06-13
447,Julie Ortiz,asummers@example.com,F,2024-08-20
448,Laura Ellis,thomas13@example.com,F,2020-08-26
449,Kevin Dean,gabrielle37@example.org,F,2021-11-25
450,Hailey Riley,brennancassandra@example.net,M,2022-05-27
451,Darius Sanchez,ajohnson@example.org,F,2022-06-26
452,Jillian Martinez,kwarren@example.com,F,2021-10-17
453,Robert Jones,ewong@example.net,M,2023-05-16
454,Lee Rhodes,hsmith@example.net,M,2024-08-20
455,Ryan Simmons,nguyenbilly@example.org,M,2023-03-26
456,Heather Murphy,fsaunders@example.com,F,2024-04-18
457,Daniel Garrison,marcus37@example.net,M,2025-04-06
458,James Silva,codymcdowell@example.net,F,2023-06-01
459,Stephanie Baker,alvaradojohn@example.com,F,2021-05-09
460,Curtis Hodges,ian88@example.com,F,2021-01-02
461,Kevin Nelson,michael98@example.org,F,2024-06-27
462,Michael Matthews,bishopalexis@example.net,F,2021-06-25
463,Antonio Stewart,whitetyler@example.com,F,2024-01-19
464,Valerie Sanders,lisa81@example.com,F,2021-05-23
465,Tyler Castillo,mcintoshrachel@example.com,F,2024-09-19
466,Dr. Richard Johnson,austinnicholas@example.com,F,2021-07-14
467,Stephanie Smith,brownamy@example.org,M,2022-04-30
468,Shelby Jimenez,hharper@example.com,F,2021-10-24
469,Carrie Nelson,brettmoore@example.com,F,2022-07-24
470,Rebecca Diaz,chelseahopkins@example.com,F,2021-09-18
471,James Rodriguez,anthonydavid@example.com,F,2023-07-01
472,Jonathan Ball,alyssa75@example.com,M,2024-11-05
473,Angela Brown,evansmichael@example.net,M,2025-02-24
474,Jeremy Barnes,gonzalezhenry@example.com,F,2023-04-28
475,Sean Rogers,marissalopez@example.net,M,2024-07-04
476,Michelle King,vwilson@example.com,M,2020-06-12
477,Tyler Clark,wbrown@example.net,F,2024-07-22
478,Travis Stephenson,jennifer66@example.org,M,2022-06-26
479,Deborah Cisneros,brownrodney@example.net,F,2020-10-16
480,Rebecca Duran,susanwhite@example.net,F,2021-06-24
481,Christina Austin,nmiller@example.com,M,2022-01-17
482,Paula Davis,hcarroll@example.net,M,2024-09-13
483,Steven Ramirez,franciscojones@example.com,M,2025-01-11
484,Lauren Rivera,taylor83@example.com,M,2021-08-24
485,Jason Clark,bethstone@example.org,M,2024-07-03
486,Elaine Petersen,frankcannon@example.com,F,2021-09-28
487,Steven Henderson,wigginsshelley@example.net,M,2024-07-12
488,Melissa Erickson,zlee@example.net,F,2020-05-08
489,James Kim,hoodjohn@example.org,M,2024-02-14
490,Anthony Schwartz PhD,brandonmclaughlin@example.org,F,2022-08-02
491,Alicia Wiggins,croberson@example.org,M,2022-03-11
492,Ronald Osborne,karen17@example.com,M,2020-05-08
493,Susan Ochoa MD,tina10@example.net,M,2021-05-02
494,Michele Perry,mark29@example.net,M,2024-07-05
495,Mark Gray,foxthomas@example.com,F,2024-09-14
496,Lucas Johnson,matthewroberts@example.com,F,2021-04-08
497,James Meyers,jamessimmons@example.net,F,2024-06-19
498,Anthony Gonzalez,millerwilliam@example.org,F,2021-08-18
499,Nichole Butler,donnacervantes@example.com,F,2023-10-04
500,Pamela Brown,alexander13@example.com,M,2022-10-01
501,Elizabeth Cummings,watsonmichelle@example.org,F,2020-10-25
502,Jimmy Hill,henrytony@example.net,M,2021-12-14
503,George Kidd,chase75@example.net,M,2024-05-17
504,Edward Bailey,kyle06@example.com,F,2020-06-18
505,Makayla Briggs,ipierce@example.net,F,2021-12-12
506,Bryan Brown,robertwilson@example.org,F,2021-02-18
507,Kendra Francis,jonesjoseph@example.org,F,2025-05-16
508,Amanda Morris,icameron@example.com,F,2023-07-04
509,Daniel Foster,cody83@example.com,M,2023-09-22
510,Katherine Escobar,gfuentes@example.com,F,2025-01-09
511,Jasmine Ramos,sosajose@example.com,F,2022-03-10
512,Joshua Davidson,lynnhall@example.org,F,2024-08-22
513,Amber Hendrix,ymoses@example.org,F,2024-04-01
514,Andrea Clark,dadams@example.net,M,2021-11-22
515,Tina Rojas,rojasmike@example.com,M,2021-11-11
516,Jose Cole,wjohnson@example.org,M,2020-02-11
517,Ashley Martinez,smithrenee@example.net,M,2023-06-17
518,Cheryl Jennings,andreazimmerman@example.net,F,2022-05-31
519,Robert Copeland,crystaljohnson@example.net,F,2023-08-05
520,Christine Fisher,johnathandavidson@example.org,M,2024-08-23
521,Wayne Sanders,lindameza@example.net,F,2023-06-14
522,Paul Baldwin,catherinemartin@example.net,F,2022-12-30
523,Russell King,lmarshall@example.org,M,2024-03-17
524,Daniel Williams,millersteven@example.com,M,2022-12-08
525,Amanda Williams,woodronald@example.org,F,2021-06-02
526,Maria Miles,marvin47@example.org,F,2020-02-03
527,Regina James,ccampbell@example.net,F,2024-08-28
528,Jamie Richardson,maryjohnson@example.com,F,2021-06-25
529,Donna Sawyer,jacob21@example.com,M,2020-12-29
530,Willie Nelson,justin92@example.com,F,2024-01-19
531,Leslie Dougherty,martineznicole@example.net,M,2020-10-05
532,Sean Powers,hannah80@example.net,F,2023-02-08
533,Ana Taylor,cjenkins@example.com,M,2025-06-19
534,Shane Turner,bespinoza@example.com,F,2020-08-07
535,Jessica Odonnell,manningrobin@example.net,F,2021-05-26
536,Shelly Pennington,plopez@example.com,F,2021-11-16
537,Mr. Andrew Patterson,bward@example.org,M,2025-07-17
538,Brianna Cross,kathleen51@example.net,M,2021-11-08
539,Juan Humphrey,carlos17@example.com,M,2024-10-06
540,Ann Becker,aprildiaz@example.net,M,2020-10-03
541,Timothy Morrison,stonemichael@example.com,M,2022-04-27
542,Edwin Navarro,joseharper@example.org,F,2025-06-18
543,Brian Mckenzie,nicolesanchez@example.com,M,2021-01-13
544,Stephanie Cooper,ellischristopher@example.com,F,2024-12-06
545,Christine Collins,edwin66@example.net,M,2020-06-21
546,Michael Franklin,heather56@example.com,F,2020-10-17
547,Carmen Garcia,woodstodd@example.com,F,2020-10-13
548,Joshua Washington,uklein@example.com,M,2022-12-17
549,Anne Ross,crystal19@example.net,F,2020-06-14
550,Christopher Solis,lori84@example.org,M,2025-04-10
551,Paul Clark,harrisonpatrick@example.org,F,2021-09-25
552,Mia Thompson,acombs@example.org,F,2021-05-22
553,Robert Acosta,michael50@example.net,F,2023-08-06
554,Grace Caldwell,uthomas@example.org,F,2023-08-25
555,Jennifer Gibbs,jennifermacdonald@example.com,F,2022-09-05
556,Keith Anderson,rogersangel@example.org,F,2020-01-07
557,Megan Martin,normanharris@example.net,M,2020-11-04
558,Luke Frank,hmurphy@example.net,F,2025-04-27
559,Timothy Gomez,smithmarcia@example.net,F,2022-01-11
560,Jesse Fitzpatrick,tony75@example.org,M,2021-12-12
561,David Perry,corycarroll@example.com,M,2022-05-27
562,Andrea Harper,myersfrank@example.com,F,2020-02-18
563,Jennifer Allen,aaronallen@example.org,M,2024-09-30
564,Ronald Smith,vwilson@example.com,M,2020-02-01
565,Ricardo Escobar,harveyashley@example.net,M,2021-06-17
566,Linda Gaines,cscott@example.net,M,2022-06-05
567,Justin Williams,curtisrobinson@example.org,F,2024-12-17
568,Nicole Clark,alyssaguzman@example.com,F,2022-12-28
569,Cynthia Medina,ronaldknight@example.org,F,2023-03-05
570,David Carr,chicks@example.org,M,2025-05-10
571,Destiny Clark,jeremysmith@example.net,F,2022-06-28
572,Lucas Abbott,lisa44@example.org,M,2022-11-20
573,Marcus Jenkins,pbuck@example.net,F,2020-11-14
574,James Davidson,lukesanchez@example.net,F,2021-07-09
575,Beverly Goodman MD,darrellbridges@example.com,F,2022-12-16
576,Kelsey Rodriguez,pamelacarter@example.net,F,2021-07-01
577,Dominique Mcintyre,kaitlinevans@example.net,F,2021-07-28
578,Joseph Walton,ramirezkenneth@example.com,M,2023-06-21
579,Mr. Michael Williams,garybray@example.com,F,2021-03-10
580,Jacqueline Carey,richardtran@example.net,F,2020-03-17
581,Rebecca Stewart,marybowen@example.net,F,2022-07-31
582,Bobby Newman,brobinson@example.net,F,2021-04-19
583,Melissa Harris,vphillips@example.com,M,2024-04-30
584,Christopher Hunter,thomasbaker@example.net,F,2020-05-31
585,Cynthia Juarez,johnsoneugene@example.org,F,2021-06-01
586,Jane Townsend,waynekennedy@example.org,F,2023-10-29
587,Gail Johnson,jamiefarrell@example.net,F,2025-01-26
588,Kelly Torres,ucooke@example.org,M,2023-05-27
589,Timothy Chapman,darrell86@example.com,F,2021-01-09
590,Shelley Adams DVM,brenda36@example.org,M,2024-02-11
591,Teresa Morton,kimberlywashington@example.org,F,2022-12-30
592,Anthony Andrade,dbecker@example.org,M,2021-04-08
593,Jennifer Wells,michaelsmith@example.net,M,2021-02-11
594,William Morris,cdaniels@example.com,F,2020-06-08
595,Patricia Jacobson,wardjoann@example.net,M,2025-01-16
596,Theresa Brown,davidsonrandy@example.org,F,2025-02-23
597,Mason Diaz,karla77@example.org,M,2025-05-28
598,Emily Wright,mcclainjoseph@example.org,M,2021-06-07
599,Lee Black,deanjohn@example.com,F,2020-01-15
600,Keith Chan,sdonaldson@example.com,M,2023-07-28
601,Andrea Woods,williamfrost@example.net,M,2023-04-27
602,Daniel Sanders,oclarke@example.org,M,2023-04-25
603,Maurice Roberts,ikim@example.net,M,2021-09-08
604,Haley Vasquez,andrewrollins@example.com,F,2022-03-11
605,Julia Wright,mallen@example.com,F,2023-06-29
606,Mallory Santos,wesleykramer@example.net,F,2024-02-22
607,Mark Vasquez,vfuller@example.net,F,2024-03-16
608,Gregory Brown,paulscott@example.net,F,2020-04-30
609,Ashley Terrell,woodjacob@example.com,M,2021-12-22
610,Justin Mendoza,tonijacobs@example.net,F,2021-01-23
611,Julia Hughes,jlee@example.org,M,2023-04-22
612,Anne Brown,dhuynh@example.org,F,2022-06-17
613,Amanda Hill,scook@example.org,F,2023-10-06
614,Joshua Bradley,anne30@example.com,F,2023-05-06
615,Jeffrey Robinson,cooperwilliam@example.net,F,2022-03-06
616,Laura Foster,ufoster@example.net,M,2022-02-04
617,Renee Diaz,garciasusan@example.net,M,2022-04-18
618,Emily Barrett,nhill@example.net,M,2023-06-18
619,Curtis Smith,stacey15@example.net,M,2022-05-21
620,Shawn Pierce,joshuavazquez@example.com,F,2025-07-08
621,Lisa Perez,mayala@example.net,F,2022-03-01
622,Joshua Brown,jacob43@example.com,M,2024-06-16
623,Heather Brown,robert23@example.com,M,2022-11-17
624,Monica Garza,oedwards@example.org,M,2020-12-02
625,Taylor Jimenez,michellejohnson@example.net,M,2023-12-14
626,Derek Lopez,mckinneytina@example.com,F,2023-10-04
627,Donald Diaz,inewman@example.com,M,2023-09-17
628,David Hale,jacob27@example.net,F,2023-05-22
629,Courtney Vasquez,brian03@example.org,M,2022-11-15
630,Lance Watkins,ihill@example.org,M,2024-12-24
631,Alyssa Hanna,pdavis@example.net,M,2024-11-27
632,Dr. Paul Glover,luis96@example.com,F,2025-06-23
633,Kimberly Andersen,vbrown@example.org,F,2020-04-30
634,Nancy Barker,dixonsabrina@example.net,M,2023-10-17
635,Maria White,dbeasley@example.com,F,2020-06-10
636,Seth Austin,whill@example.net,F,2020-02-03
637,Karen Fernandez,davisbrooke@example.org,M,2021-03-02
638,Tasha Lopez,abryant@example.net,M,2022-06-18
639,Christopher Taylor,chrisrodriguez@example.org,M,2021-11-04
640,Ashley Parsons,wwilliams@example.com,F,2021-07-18
641,Douglas Knight,figueroamelissa@example.com,M,2020-09-06
642,Sheri Jones,hmcclure@example.net,M,2022-05-13
643,Christopher Hodges,dnicholson@example.com,F,2022-01-30
644,Gregory Giles,davidcollins@example.net,F,2024-12-15
645,Frank Tucker,zjenkins@example.com,F,2021-11-13
646,Mr. Thomas Lynch,anthonyberry@example.org,F,2021-11-18
647,Susan Phelps,campbellkevin@example.org,F,2023-12-19
648,Kelli Savage,gmoses@example.org,M,2020-09-15
649,Thomas Smith,john64@example.com,M,2024-08-29
650,Michelle Simmons,robert02@example.com,F,2021-03-11
651,Crystal Rodriguez,jeanbryant@example.com,M,2021-09-18
652,Michael Mcdaniel,melodybowman@example.com,M,2023-07-01
653,Sharon Ryan,charlottehernandez@example.org,M,2025-01-28
654,Monique Lam,ivan33@example.net,M,2020-01-13
655,Marissa Martinez,wesleymiller@example.net,M,2023-04-10
656,Kyle Tate,rebecca79@example.com,F,2024-05-11
657,James Williams,powerschristy@example.com,M,2025-03-20
658,Cynthia Ryan,christopher71@example.net,M,2023-08-15
659,Jessica Glenn,christinarose@example.org,M,2020-02-19
660,Troy Snyder,mdiaz@example.com,F,2022-01-13
661,Caitlin Williams,jonesjodi@example.net,M,2020-04-13
662,Erin Murphy,martinjoseph@example.com,F,2025-04-26
663,Elizabeth Brown,ahamilton@example.com,M,2023-09-24
664,Sally Brown,andersonpeter@example.com,F,2022-03-29
665,Tracy Anderson DDS,showard@example.com,M,2025-04-08
666,Kevin Andrews,jenniferbrown@example.com,F,2021-09-02
667,Kyle Boyer,rachelwhite@example.org,M,2023-12-19
668,Adam Harvey,robincooper@example.net,F,2023-10-04
669,Traci Wong,davidsonantonio@example.org,F,2020-10-17
670,Jennifer Ray,allisonpaul@example.net,M,2024-10-22
671,Jason Baker,hannah35@example.org,M,2020-04-10
672,Megan Reed,john70@example.com,M,2024-05-09
673,Heather Wright,ronaldbush@example.com,M,2022-12-19
674,Steven Johnson,boydrobert@example.com,M,2021-09-13
675,Matthew Peck,iwillis@example.org,M,2023-02-25
676,Kimberly Ellis,andersonbrandon@example.org,F,2021-02-28
677,Elizabeth Collier,kimberly34@example.com,F,2023-06-03
678,Thomas Sanchez,smithtracy@example.net,M,2020-02-14
679,Jason Taylor,mcconnellchristine@example.com,F,2025-02-01
680,Mary Whitaker,foxchristopher@example.com,M,2020-02-02
681,Kimberly Daniels,james58@example.org,F,2022-09-25
682,Jennifer Stevens,dorothystone@example.com,F,2023-06-02
683,Tabitha Smith,kmejia@example.org,M,2020-04-10
684,Laura Hill,karen50@example.org,F,2025-05-23
685,William Rodriguez,coxlisa@example.net,M,2022-12-14
686,Sandra Ray,rjacobs@example.net,F,2024-02-25
687,Joseph Cisneros,hewing@example.net,F,2023-01-23
688,Michael Allen,elizabeth18@example.org,M,2023-08-02
689,Alexander Hamilton,jessecaldwell@example.org,M,2024-11-24
690,Jamie Parker,beckyberry@example.net,F,2025-04-29
691,Dawn Clark,mariaramirez@example.org,M,2020-03-17
692,Todd Cervantes,dchen@example.org,F,2022-08-29
693,Jessica Lawson DVM,amandamoss@example.com,F,2023-01-19
694,Anthony Ellis,taragomez@example.org,M,2020-03-06
695,Daniel Robles,danielle73@example.com,F,2024-08-11
696,Frank Martin,seanjones@example.org,F,2022-03-22
697,Gregory Williams,jthompson@example.org,M,2024-07-26
698,Steven Scott,ucannon@example.net,F,2025-03-29
699,Tyler Davis,cashley@example.org,M,2021-06-15
700,Jennifer Reyes,jacqueline44@example.org,F,2020-10-26
701,Michael Washington,jkelly@example.net,F,2021-11-21
702,Johnny Smith,jonesjohn@example.com,M,2021-11-15
703,Brooke Ali,dawnhenry@example.com,M,2021-05-28
704,Brandon Williams,ygarcia@example.org,F,2024-12-24
705,Mr. Ryan Miller,christopher25@example.org,F,2021-05-28
706,Scott Duncan,cindy10@example.org,M,2024-08-03
707,Thomas Tucker,katie43@example.net,M,2020-08-30
708,John Smith,teresadawson@example.org,F,2020-08-06
709,Derrick Green,raymondlindsay@example.com,F,2021-01-06
710,Michelle Sanchez,pcunningham@example.net,F,2024-10-30
711,Rachel Davis,coryruiz@example.com,F,2020-02-25
712,John Richardson,xpaul@example.com,M,2021-05-21
713,Andrew Jackson,samantha76@example.org,F,2021-08-04
714,Casey Smith,knoxlisa@example.net,F,2022-07-18
715,Anthony Davies,brittneysmith@example.net,M,2021-04-28
716,Daniel Fisher,lisa09@example.net,M,2021-10-08
717,Jesse Howard,acoleman@example.net,M,2023-02-23
718,Susan Ball MD,elizabethharris@example.net,M,2025-01-06
719,Traci Hale,wardmatthew@example.org,F,2021-03-23
720,Eric Allen,william27@example.com,F,2023-07-28
721,Kevin Haynes,robert40@example.org,M,2021-06-05
722,David Richardson,robert29@example.net,F,2025-05-30
723,Jason Curry,kgarcia@example.net,F,2022-07-15
724,Gary Brown,nicolerivera@example.com,F,2023-11-09
725,James Weaver,hammondjoanna@example.net,M,2023-04-24
726,Russell Hancock,xsmith@example.net,M,2023-12-31
727,Michael Mason,jeffreythompson@example.net,F,2020-11-13
728,Vickie Stephens,trevor28@example.com,M,2023-12-14
729,Dr. Gabriel Harris,lowemonica@example.net,F,2023-02-12
730,Kevin Brown,toddlee@example.com,M,2024-06-19
731,Lisa Nunez,conradtricia@example.com,M,2020-06-02
732,Aaron Thompson,stephanie84@example.org,F,2020-10-31
733,Jason Dominguez,perezjennifer@example.com,M,2020-09-22
734,Lynn Mcdaniel,kellycox@example.com,F,2021-12-31
735,Michele Carlson,maguirre@example.org,M,2021-11-28
736,Eric Collins,yfox@example.net,F,2025-04-09
737,David Graham,kennethsawyer@example.com,F,2020-07-17
738,Nicholas Prince,fthomas@example.net,M,2021-07-07
739,Stephen Smith,kyle37@example.org,F,2022-04-19
740,Sarah Stone,leelisa@example.net,M,2021-03-05
741,Calvin Fry,brian85@example.net,M,2021-02-22
742,Ryan Carpenter,donna93@example.com,F,2022-07-25
743,Maria Phillips,cesar11@example.com,M,2025-03-25
744,Jacqueline Ballard,michele00@example.net,F,2020-04-10
745,Benjamin Fernandez,heatherrussell@example.org,M,2020-02-02
746,Olivia Gibbs,jodigreen@example.org,F,2022-02-01
747,Michelle Taylor,juarezlisa@example.org,M,2022-02-26
748,Jeremy Schmidt,davidmcdonald@example.com,F,2023-04-18
749,Austin Norris,rosetammy@example.net,M,2022-05-29
750,Michelle Green,matthew20@example.org,F,2024-07-06
751,Mrs. Nicole Kaiser MD,blakecamacho@example.com,M,2024-11-29
752,Erik Johnson,huntalicia@example.net,M,2022-03-15
753,Dillon Thomas,christopher44@example.net,F,2023-11-28
754,Zachary Anderson,murphytodd@example.net,M,2021-08-11
755,Henry Wagner,garciahannah@example.com,F,2023-03-05
756,Yolanda Jones,andre82@example.com,M,2023-06-03
757,Stephanie Porter,gclark@example.com,F,2024-04-29
758,Jennifer Phillips,peter66@example.org,M,2020-12-21
759,Philip Anderson,francisbarry@example.net,M,2024-02-17
760,Harry Edwards,reesetony@example.net,M,2023-11-03
761,Ricky Nunez,russelljarvis@example.org,M,2021-11-08
762,Brandon Huffman,caseyjames@example.net,M,2024-09-17
763,Carolyn Lawrence,mitchellbailey@example.net,F,2023-07-27
764,Tina Carrillo,wbrowning@example.net,M,2021-05-28
765,Tony Andrews,kennethblack@example.com,M,2025-06-20
766,Jessica Torres,bonniebarnes@example.com,F,2021-12-11
767,Jennifer Blevins,mrios@example.com,M,2022-04-28
768,Chris Hudson,amcguire@example.org,M,2022-01-20
769,Mrs. Lisa Reynolds,douglas27@example.org,F,2020-10-28
770,Jordan Henderson,ihughes@example.org,M,2022-03-19
771,Corey Schwartz,jcook@example.org,M,2020-07-28
772,Jeffrey Spencer,rebecca18@example.net,M,2022-03-13
773,Elizabeth Atkinson,seanstone@example.net,M,2024-01-05
774,Justin Green,blevy@example.org,F,2024-07-18
775,Joanne Robinson,zacharyleonard@example.org,F,2021-09-01
776,Pamela Kaufman,paul14@example.org,F,2020-04-09
777,Richard Williams,cookkaitlyn@example.net,M,2025-06-17
778,Amanda Macdonald,eric30@example.net,F,2023-04-06
779,Eric Francis,umccoy@example.net,F,2023-05-02
780,Robin Hanson,janetpetersen@example.net,M,2020-08-12
781,Donna Johnson,glenn81@example.org,M,2020-10-25
782,Jade Hicks,iolson@example.org,M,2024-12-08
783,Stephanie Harper,emilyanderson@example.com,M,2020-12-24
784,Austin Brown,nicholas54@example.com,M,2024-12-30
785,Jonathan Serrano,amandarodriguez@example.org,F,2024-06-27
786,James Houston,ryanhenson@example.org,F,2022-12-19
787,Eddie Reyes,jessenavarro@example.org,M,2025-04-17
788,Samantha Larsen,ibarnett@example.net,F,2020-09-01
789,Norma Riley,stephanierogers@example.com,F,2022-06-24
790,Robin Stewart,nelsonashley@example.org,M,2021-07-07
791,Jack Dean,fergusonkathy@example.com,F,2023-06-02
792,Kimberly Morris,joshuanichols@example.org,M,2020-09-03
793,Bryan Chavez,christine47@example.net,M,2022-09-28
794,Brenda Nelson,thomaslouis@example.com,M,2023-09-26
795,Debra Hayden,owensmichael@example.com,M,2025-02-26
796,Kenneth Ingram,wrios@example.com,M,2024-11-01
797,Austin Ruiz,kimberly22@example.com,F,2021-09-15
798,Natalie Sawyer,morgankathryn@example.com,F,2023-11-01
799,Richard Washington,cmyers@example.com,M,2022-07-01
800,Andrew Nunez,joshuasanders@example.com,M,2022-08-31
801,Michael Murray,ccampbell@example.net,F,2021-11-28
802,Andrew Singh,christinaacosta@example.com,M,2025-03-23
803,Frank Sanford,carrie31@example.org,M,2020-05-20
804,Megan Salas,jacksonlawrence@example.org,M,2025-01-13
805,Darryl Andrade,ricardo28@example.org,F,2023-12-30
806,Gary King,meagan99@example.com,M,2022-04-16
807,Timothy Gonzalez,nmoore@example.com,M,2021-08-01
808,Brianna Marsh,christopher70@example.com,F,2023-07-30
809,Mark Hill,jesse25@example.org,F,2021-07-10
810,Mario Flores,wvasquez@example.org,M,2023-05-03
811,Mark Blake,donna30@example.net,M,2023-04-14
812,Kathleen Brooks,chasecooper@example.com,M,2020-10-22
813,Katherine Williams,qalexander@example.com,F,2021-07-29
814,Robert Johnson,melissa32@example.org,F,2022-12-29
815,Barbara Henderson,kelsey83@example.org,F,2023-06-23
816,Stephanie Smith,josephpatterson@example.net,M,2021-10-01
817,Alyssa Lopez,tonyahanson@example.org,F,2022-11-01
818,Anthony Melendez,sextonmegan@example.net,M,2022-02-12
819,Brett Miller,christopher52@example.com,M,2024-06-25
820,David Foster,lindahall@example.org,F,2023-11-14
821,Kaitlin Robinson,bwebb@example.com,M,2021-05-15
822,Christopher Nielsen,elaine66@example.net,F,2025-06-29
823,Susan Cook,williamsjanet@example.org,F,2024-12-23
824,Erika Hopkins,murraymelinda@example.net,M,2020-04-04
825,Troy Ramos,rachel29@example.com,F,2020-01-18
826,Keith Newman,hdavis@example.com,M,2020-09-13
827,Shannon Davis,emilyalvarez@example.org,F,2022-03-19
828,Patrick Mcmillan,charlesschneider@example.org,M,2022-12-14
829,Mary Cunningham,jonathancollins@example.org,F,2022-01-04
830,Morgan Rangel,craigolson@example.org,F,2020-08-06
831,Adam Williamson,tiffany78@example.org,M,2024-09-01
832,Ann Anderson,joshua68@example.org,M,2024-11-27
833,Austin Cabrera,jasmineshepherd@example.org,M,2025-07-09
834,Tammy Conway,gloriaharris@example.net,M,2022-03-04
835,John Mcdonald,kimberly91@example.com,F,2023-05-07
836,Lisa Nunez,cynthia67@example.net,F,2025-06-16
837,Luis Velasquez DVM,rhondamoon@example.com,F,2023-01-28
838,Michael Patel,maureen27@example.com,F,2024-04-28
839,Crystal Mckee,petersonkelsey@example.com,F,2020-01-20
840,Christopher Robinson,kingmatthew@example.com,M,2020-10-21
841,Samantha Conley,salasglen@example.com,M,2023-03-18
842,Blake Espinoza,tjordan@example.net,F,2024-07-14
843,John White,franciscocollier@example.org,M,2021-10-28
844,Danielle Brown,elizabethvargas@example.net,F,2022-09-06
845,John Yang,carl83@example.com,M,2020-02-09
846,Wendy Jones,bowmanricardo@example.net,F,2024-10-30
847,Robin Park,keith81@example.net,F,2020-08-16
848,Rachel Richardson,palmerjared@example.net,F,2024-05-04
849,Ryan Williamson,williamskaren@example.com,M,2022-11-23
850,Belinda Baker,emendoza@example.org,M,2020-04-13
851,Ann Simpson,bauermichael@example.org,M,2020-04-11
852,Harold Shannon,pramos@example.com,M,2022-01-09
853,Wyatt Thompson,dbailey@example.net,M,2020-01-17
854,Lisa Torres,fsmith@example.net,F,2022-07-22
855,Brad Rowland,thomasemily@example.org,M,2024-09-29
856,Jamie Williams,wbates@example.com,F,2021-02-08
857,Jeremy Peterson,millerlaura@example.net,M,2020-01-23
858,Dakota Mccoy,odonnellmary@example.org,M,2023-04-30
859,Felicia Chambers,sharon36@example.net,F,2021-01-07
860,James Bailey,hancockjanice@example.org,F,2020-07-31
861,Roger Kelly,martinezjason@example.org,F,2023-11-13
862,Kelly Becker,angelawalls@example.com,F,2021-04-02
863,Chad Houston,christopher84@example.net,M,2020-02-17
864,Jocelyn Shepard,marshallsean@example.com,M,2022-12-12
865,Michelle Stevens,juan33@example.org,F,2021-05-23
866,Sarah Alexander,rburns@example.org,M,2020-09-09
867,Daniel Silva,lsalazar@example.org,F,2022-01-27
868,Bailey Morgan,carl32@example.com,M,2025-03-16
869,Kristen Hughes,rebecca66@example.org,M,2020-07-08
870,Heather Peterson,gpierce@example.org,M,2020-02-29
871,Nicole Thompson,zruiz@example.com,F,2021-01-05
872,Lori Barker,madelinegraves@example.net,M,2023-09-12
873,Michael Norris,vazquezjames@example.org,F,2024-03-29
874,Cheryl Rios,josejones@example.org,F,2025-02-16
875,Savannah Baker,hesteralexander@example.com,F,2024-02-17
876,David Cooper,isabelmartin@example.net,F,2020-11-04
877,John Lopez,allenkatherine@example.net,F,2024-05-11
878,Rachael Webb,kelseylloyd@example.org,F,2022-06-19
879,Diane Miles,jrandall@example.org,M,2024-10-30
880,Kenneth Wells,davidgarcia@example.com,M,2020-06-30
881,David Kim,joygamble@example.com,M,2021-05-19
882,Wendy Hale,kylecastillo@example.net,M,2024-01-07
883,Michael Rodriguez,michellelopez@example.org,F,2020-05-10
884,Karen Buckley,wagnerjavier@example.com,F,2022-10-07
885,Christy Montgomery,ramirezandrea@example.net,M,2023-09-26
886,Catherine Garcia,deankenneth@example.org,F,2023-11-13
887,Christopher Middleton,jodihopkins@example.org,F,2022-07-28
888,Scott Moses,mthompson@example.com,M,2020-11-05
889,David Garcia,lori58@example.net,M,2020-09-24
890,Jay Jones,charles46@example.org,M,2021-10-12
891,Lauren Griffin,benjamin11@example.net,M,2024-12-12
892,Justin Choi,tinahenderson@example.org,M,2021-06-08
893,Sarah Wade,cynthiaphillips@example.net,M,2023-06-16
894,Riley Kennedy,gomezjames@example.net,F,2020-12-24
895,Terri Webb,ahernandez@example.com,F,2021-11-04
896,Stacey Roberts,fosterlynn@example.com,M,2022-12-27
897,Yvette Eaton,radams@example.net,M,2023-03-16
898,Adam Martin,morrisonemily@example.org,M,2025-05-21
899,Bryan Thomas,markwagner@example.net,F,2022-06-27
900,Amanda Carson,paynebrandon@example.com,M,2024-02-24
901,Jonathon Williams,hawkinsjose@example.net,M,2023-05-17
902,Eric Alvarado,wstanley@example.com,F,2024-12-15
903,Karen Burton,rachel90@example.org,M,2024-09-24
904,Shawn Willis,zdavis@example.com,M,2022-07-19
905,Jamie Perkins,robertbuckley@example.net,F,2023-02-23
906,Claudia Mcknight,jeffreydavis@example.com,M,2020-10-25
907,Justin Daniels,bradnorman@example.net,F,2023-10-31
908,Austin Wilson,alisonwilliams@example.com,F,2020-05-07
909,Rachel Rollins,santostroy@example.org,M,2020-05-12
910,Alison Williams,joneswilliam@example.org,F,2020-09-14
911,Julie Mcconnell,conleycraig@example.com,F,2023-09-27
912,Nicole Swanson,wilsonkayla@example.com,F,2024-11-02
913,Sandra Jensen,harrisalan@example.com,F,2022-12-23
914,Nicholas Webb,terri71@example.org,F,2024-08-09
915,Cassandra Morris,williefrank@example.com,M,2024-12-16
916,Connie Mann,davidruiz@example.org,M,2021-06-28
917,Katherine Johnson,pittmananthony@example.net,M,2024-04-11
918,David Martin,kphillips@example.org,M,2023-04-10
919,Caroline Lopez,anthony15@example.net,F,2023-07-06
920,Steven Mcdonald,david51@example.net,F,2020-03-15
921,Christopher Perez,charlesbruce@example.com,M,2020-01-10
922,Andrea Livingston,ronaldcarlson@example.net,F,2021-12-09
923,David Montgomery,kfisher@example.org,M,2024-04-30
924,James Mcbride,pgonzalez@example.org,M,2025-07-06
925,Stephanie Conrad,thomasjoann@example.com,M,2025-07-01
926,Tanya Vazquez,taravargas@example.com,M,2023-11-19
927,Pamela Johnson,hfoster@example.com,F,2024-10-20
928,Tony Harris,tarasandoval@example.org,F,2023-06-24
929,Pamela Scott,carl05@example.net,F,2024-09-13
930,Jasmine Blake,dcallahan@example.org,M,2021-11-24
931,Mark King,fcunningham@example.com,M,2022-01-15
932,Johnathan Barker,karen96@example.org,M,2025-01-12
933,Kimberly Adams,krystalmcclure@example.com,M,2023-06-10
934,Tonya Graham,hernandezrobert@example.net,F,2020-10-23
935,Tammy Montoya,pgomez@example.com,M,2024-09-17
936,William Harvey,jacquelinewilson@example.com,F,2025-04-02
937,Todd Thompson,brad67@example.com,F,2024-03-18
938,Tonya Torres,ccollins@example.com,F,2021-02-19
939,Cameron Perez,mcdonaldamanda@example.org,F,2023-05-20
940,Michael Wallace,malloryjones@example.com,F,2024-04-02
941,Jasmine Johnson,pam23@example.com,F,2020-10-30
942,Amanda Brooks,randyhouston@example.net,M,2022-09-24
943,Ryan Waters,michaelanderson@example.com,M,2024-11-08
944,Joseph Perez,brandon50@example.com,M,2022-05-19
945,Jason Gilmore,hartmankaren@example.net,F,2024-10-08
946,Tami Martinez,christensenchristina@example.net,F,2023-03-28
947,Melissa Potts,tlewis@example.net,M,2021-01-12
948,Charlotte Mcdonald,ryan30@example.net,F,2022-10-07
949,Danielle Walker,ksmith@example.org,F,2022-07-24
950,Paula Massey,michaelwarren@example.net,F,2022-11-27
951,Penny Taylor,harrisonjessica@example.net,F,2023-04-09
952,Ashley Lopez,huntcaitlin@example.org,F,2024-12-15
953,Natalie Goodwin,vazquezarthur@example.com,F,2022-06-21
954,Dylan Dunn,arivera@example.net,F,2025-02-28
955,Matthew Jackson,baileydanielle@example.net,F,2023-02-28
956,Tiffany Gutierrez,shawnhernandez@example.com,M,2024-09-29
957,Jared Garcia,gdavies@example.net,M,2020-08-22
958,Wendy Paul,justin49@example.com,M,2025-04-14
959,Matthew Gutierrez,ihuang@example.org,F,2023-12-24
960,Kristen Duncan,christinaflores@example.org,F,2023-06-27
961,Katherine Harris,kathleen55@example.net,F,2022-12-20
962,Lisa Williams,watsonjoseph@example.com,F,2023-08-06
963,Tiffany Mclaughlin,regina15@example.org,M,2020-03-14
964,Terri Tate,xfields@example.net,M,2021-04-11
965,Kelly Bailey,zachary91@example.net,F,2021-06-25
966,Troy Reed,mikehoffman@example.com,M,2023-04-20
967,Michael Kent,znelson@example.org,F,2020-03-10
968,Christopher Perry,candicewilson@example.net,F,2023-12-27
969,Jonathan Jacobs,garciadavid@example.org,M,2021-05-14
970,Jeffrey Cisneros,antonio98@example.com,M,2022-03-15
971,Brittney Martinez,joanna62@example.org,M,2022-06-25
972,Kaitlin Lowery,victoriamcclure@example.net,M,2022-02-28
973,Nicole Perez,jonesethan@example.org,F,2021-09-28
974,Zoe Dorsey,nhuang@example.net,M,2022-01-16
975,Cassie Robertson,tyler75@example.net,F,2021-01-31
976,Megan Pierce MD,williamreyes@example.com,F,2022-12-15
977,Donna Martin,brandigilbert@example.org,M,2022-12-21
978,Jennifer Nunez,kevinmitchell@example.com,M,2021-08-12
979,Darrell Romero,jsalas@example.org,M,2024-07-17
980,Jason Thomas,theresa42@example.com,M,2022-05-03
981,Ronald Martinez,mcohen@example.com,M,2022-12-30
982,Mark Stone,tcollier@example.net,M,2024-01-25
983,Barry Underwood,gilbertdaniel@example.com,M,2025-07-20
984,Gregory Peters,ppearson@example.org,M,2024-07-13
985,Megan Pena,nicholas34@example.org,F,2022-02-20
986,James Mosley,michelle46@example.org,M,2020-01-28
987,William Weaver,sylvia02@example.org,M,2024-01-23
988,Brandi Reeves,oacosta@example.net,M,2020-09-13
989,Jennifer Craig,matthewgreen@example.com,M,2020-08-29
990,Lisa Sanders,kelleyscott@example.com,M,2021-09-28
991,Samantha Lamb,davidvelez@example.org,F,2020-06-29
992,Carl Friedman,richard20@example.net,M,2025-04-21
993,Joshua Edwards,zcastro@example.org,F,2023-04-08
994,Alan Prince,kimjones@example.com,F,2020-12-14
995,Mike Marshall,krodriguez@example.com,M,2024-02-15
996,Kathleen Smith,robertcooper@example.net,M,2023-10-07
997,Nicholas Horne,carlos06@example.com,M,2022-12-21
998,Jay Sanchez,hchapman@example.com,M,2023-01-30
999,Kevin Yates,aross@example.org,M,2022-09-29
1000,Melinda Flores,lisa94@example.net,M,2024-02-13
